"Country Name","Country Code","1960","1961","1962","1963","1964","1965","1966","1967","1968","1969","1970","1971","1972","1973","1974","1975","1976","1977","1978","1979","1980","1981","1982","1983","1984","1985","1986","1987","1988","1989","1990","1991","1992","1993","1994","1995","1996","1997","1998","1999","2000","2001","2002","2003","2004","2005","2006","2007","2008","2009","2010","2011","2012","2013","2014","2015","2016","2017","2018","2019","2020","2021","2022","2023","2024",
"Aruba","ABW",,,,,,,,,,,,,,,,,,,,,,,,,,,,,,,,"7.19000005722046",,,,,,,,,"16.3999996185303",,,,,,,,,,"12.8199996948242",,,,,,,,,,,,,"19.5952491760254",,
"Africa Eastern and Southern","AFE",,,,,,,,,,,,,,,,,,,,,,,,,,,,,,,,,,,,,,,,,,,,,,,,,,,,,,,,,,,,,,,,,,
"Afghanistan","AFG",,,,,,,,,,,,,,,,,,,,,,,,,,,,,,,,,,,,,,,,,,,,,,,,,,,,,,,"1.91133178969913",,,"5.26141700354864",,,"3.71811698299556","3.0699999332428","3.98425006866455",,,
"Africa Western and Central","AFW",,,,,,,,,,,,,,,,,,,,,,,,,,,,,,,,,,,,,,,,,,,,,,,,,,,,,,,,,,,,,,,,,,
"Angola","AGO",,,,,,,,,,,,,,,,,,,,,,,,,,,,,,,,,,,,,,,,,,,,,"1.77637575082021",,,,,"5.67402405512715",,"4.04667835788036",,,"2.63000011444092","1.99752998352051",,,,"0.0883457029175967",,,,,,
"Albania","ALB",,,,,,,,,,,,,,,,,,,,,,,,,,,,,,,,,,,,,,,,,,"7.42999982833862",,,,,,,"9.81999969482422",,,"12","12.8999996185303","12.9112680550336","13.1912382198248","14.8079976313206","14.3157503195291","16.1501998901367","16.4676840857403","17.3219430335689","17.804132917267","18.2029345963076","19.8346436163563","17.5100002288818",,
"Andorra","AND",,,,,,,,,,,,,,,,,,,,,,,,,,,,,,,,,,,,,,,,,,,,,"16.3099994659424","17.2000007629394","17.9899997711182",,,,,,,,"21.25","21.1299991607666","21.0499992370606",,,,,,"25.0400009155273",,,
"Arab World","ARB",,,,,,,,,,,,,,,,,,,,,,,,,,,,,,,,,,,,,,,,,,,,,,,,,,,,,,,,,,,,,,,,,,
"United Arab Emirates","ARE",,,,,,,,,,,,,,,,,,,,,,,,,,,,,,,,,,,,,,,,,,,,,,,,,,,,,,,,,"31.6900005340576","46.560001373291","47.2900009155273","46.6300010681152",,"47.1800003051758","51.0699996948242","52.7200012207031","52.6599998474121",
"Argentina","ARG",,,,,,,,,,,,,,,,,,,,,,,,,,,,,,,,,,,,,,,,,,,,,,,,,,,,,,,,,,,,,,,,,,
"Armenia","ARM",,,,,,,,,,,,,,,,,,,,,,,,,,,,,,,,,,,,,,,,,,"20.3600006103516",,,,,,"19.2934719939228",,"20.5618962682831","21.0760923232902","24.4200000762939","23.3567134268501","24.1894898407536",,,"24.1347694396973","24.3799991607666","24.2692468209224","27.4885530476287","24.2099990844727","28.5798569615657","24.2985191345215","25.9126396179199",,
"American Samoa","ASM",,,,,,,,,,,,,,,,,,,,,,,,,,,,,,,,,,,,,,,,,,,,,,,,,,,,,,,,,,,,,,,,,,
"Antigua and Barbuda","ATG",,,,,,,,,,,,,,,,,,,,,,,,,,,,,,,,,,,,,,,,,,,,,,,,,,,,,,,,,,,"12.2774796193585",,,"11.8943595886231",,"14.6945279079707",,
"Australia","AUS",,,,,,,,,,,,,,,,,,,,,,,,,,,,,,,,,,,,,,,,,,"19.9073342587382","19.9812871288106","20.4715081316108","21.046991054061","21.8940867959334","22.1360978339452","22.6742838097462","23.9334778404203","23.9939263648304","25.0530874741561","28.2235735681435","29.0356309258349","26.7399997711182","28.6200008392334","29.7800006866455","30.0300006866455","31.3899993896484","31.75","33.0900001525879","35.0200004577637","35.9599990844727","36.8400001525879","35.7648347818291","36.7831484305008",
"Austria","AUT",,,,,,,,,,,,,,,,,,,,,,,,,,,,,,,,,,,,,,,,,,,,,,,,,,,,,,,"11.8699998855591","13.079999923706","13.460000038147","14.25","14.7956089091719","15.3599996566772","15.9696032098267","16.6050665122676",,,,
"Azerbaijan","AZE",,,,,,,,,,,,,,,,,,,,,,,,,,,,,,,,,,,,,,,,"13.2799997329712",,,,,,,,,,,,,,"15.6599998474121","15.6800003051758","15.6899995803833","15.7399997711182","15.7200002670288","15.7299995422363","15.7200002670288",,,,"17.6700000762939",,
"Burundi","BDI",,,,,,,,,,,,,,,,,,,,,,,,,,,,,,,,,,,,,,,,,,,,,,,,,,,,,,,"0.810000002384186",,,"0.910000026226044",,,,,,,,
"Belgium","BEL",,,,,,,,,,,,,,,,,,,,,,,,,,,,,,,,,,,,,,,,,,,,,,,,,,,,,,"30.25","31.2600002288818","31.7099990844727","32.1699981689453","34.689998626709","33.7888681088514","35.2999992370605","35.4660797015242","37.5813460756875","36.307492413537","37.4110337879949",,
"Benin","BEN",,,,,,,,,,,,,,,,,,,,,,,,,,,,,,,,,,,,,,,,,,,,,,,,,,,,,,"2.15965918551308",,,,"2.53311991691589",,"3.78492999076843",,"3.06135010719299","3.85361003875732",,,
"Burkina Faso","BFA",,,,,,,,,,,,,,,,,,,,,,,,,,,,,,,,,,,,,,,,,,,,,,,"1.22846095654366","1.02999997138977",,,,,,,"0",,,,"2.15000009536743","2.11959004402161",,"2.40341997146606","1.55992996692657","2.29087604699152","2.49695045370837",
"Bangladesh","BGD",,,,,,,,,,,,,,,,,,,,,,,,,,,,,,,,,,,,,,,,,,,,,,,,,,,,"5.69000005722046","5.86999988555908","5.5","5.84999990463257","8.23999977111816","8.51000022888184","8.97999954223633","9.35999965667725","9.76000022888184",,"9.78999996185303","7.5711943437389","7.50281362321943",,
"Bulgaria","BGR",,,,,,,,,,,,,,,,"5.48999977111816",,,,,,,,,,,,,,,,,"15.039999961853",,,,,,,,,"18.0499992370606",,,,,"19.5","19.8199996948242","20.1900005340576","20.5300006866455","20.7199993133545","20.8099994659424","21.5100002288818","22.9200000762939","24.0599994659424","24.4699993133545","24.6299991607666","24.7099990844727","25.6485708559124","24.7581654284502","26.0499992370606","26.2469395787288","26.0069599701843","26.3688540109966",,
"Bahrain","BHR",,,,,,,,,,,,,,,,,,,,,,,,,,,,,,,,,,,,,,,,,,,,,,,,,,,"9.47999954223633",,,,,,"14.2799997329712","14.3400001525879","21.6100006103516",,"23.3299999237061",,"29.7800006866455","29.5799999237061","29.2199993133545",
"Bahamas, The","BHS",,,,,,,,,,,,,,,,,,,,,,,,,,,,,,,,,,,,,,,,,"0.340000003576279",,,,,,,,,,"15.2299995422363",,,,,,,,,"16.6675491333008",,,,,,
"Bosnia and Herzegovina","BIH",,,,,,,,,,,,,,,,,,,,,,,,,,,,,,,,,,,,,,,,,,,,,,,,,,,"5.73000001907349","6.17000007629395",,,"7.82999992370605","7.55000019073486","8.38000011444092","7.18638785224455","7.75","6.99684916435059","10.5900001525879","11.7022443213504","12.289999961853","11.2760298314996",,
"Belarus","BLR",,,,,,,,,,,"5.34999990463257",,,,,,,,,,,,,,,,,,,"12.4799995422363",,,,,,,,,,,,,,,,,,,,"22.0799999237061",,,,,,,,,,"28.2999992370606",,,,,,
"Belize","BLZ",,,,,,,,,,,,,,,,,,,,,,,,,,,,,,,,,,,,,,,,,,,,,,,,,,,"5.71999979019165",,,,,,,,"9.28183998404068","6.68492524449815","7.88000011444092",,"7.01000022888184",,,
"Bermuda","BMU",,,,,,,,,,,,,,,,,,,,,,,,,,,,,,,,,,,,,,,,,,,,,,,,,,,"28.3299999237061",,,,,,"31.1100006103516",,,,,,,,,
"Bolivia","BOL",,,,,,,,,,,,,,,,,,,,,,,,,,,,,,,,,,,,,,,,,"8.01943315147938","8.54634127592773","8.10186925524874",,,"9.64931767932058","12.4024502706789","12.5186728795855","12.5363501021959","13.1729709088048",,"15.0740160315124","12.9347919933084","14.8252525312228",,"22.3299999237061",,"14.1513868970929",,"24.7000007629394","26.8199996948242",,"16.893167568269","20.1183891296387",,
"Brazil","BRA",,,,,,,,,,,,,,,,,,,,,,,,,,,,,,,,,,,,,,,,,,,,,,,,,,,,,,,,,"15.3500003814697","15.7299995422363","16.5400009155273",,,,,,,
"Barbados","BRB",,,,,,,,,,,,,,,,,,,,,,,,,,,,,,,,,,,,,,,,,"1.05999994277954",,,,,,,,,,,,,,,,,,,,,,,,,
"Brunei Darussalam","BRN",,,,,,,,,,,,,,,,,,,,,,,,,,,,,,,,,,,,,,,,,,,,,,,,,,,,"11.1099996566772",,,"14.8702012439871",,,"13.9771413500091","14.3217421581801","17.4615572930271","15.47793441586","15.9186443323553","17.57543339854","18.5111530591512",,
"Bhutan","BTN",,,,,,,,,,,,,,,,,,,,,,,,,,,,,,,,,,,,,,,,,,,,,,,,,,,,,"4.55000019073486",,,,,"10.1999998092651",,,,,"8.48408985137939",,,
"Botswana","BWA",,,,,,,,,,,,,,,,,,,,,,,,,,,,,,,,,,,,,,,,,,,,,,,,,,,,,,,,,,,,"8.19498375232995","8.33765283599829","8.84052761842202","9.52373835350831","7.44430017471313",,
"Central African Republic","CAF",,,,,,,,,,,,,,,,,,,,,,,,,,,,,,,,,,,,,,,,,,,,,,,,,,,,,,,,,,,,"1.81203997135162",,,,,,
"Canada","CAN",,,,,,,,,,,,,,,,,,,,,,,,,,,,,,,"12.5365661470144","12.8372851298849","13.5635179037546","14.3576055555435","14.9284454139938","15.1022378548387","15.3997405648874","15.9124098796297","16.2429977057704","16.9841439707763","17.7517803124528","18.2979966738015","18.7955860881939","19.6852141621935","19.7800655721442","20.6966381134361","21.4788152877498","21.973866932099","22.4235846874536","22.6831522778876","23.5518875374507","24.06423241791","24.7599844678335","25.3839152221772","25.6870322073392","26.577805675299","25.75","27.9425660305866","28.520011309014","29.7712155335756","30.9708342335825","29.3299999237061","32.3500860763309","32.8881839878328","34.6594141975685",
"Central Europe and the Baltics","CEB",,,,,,,,,,,,,,,,,,,,,,,,,,,,,,,,,,,,,,,,,,,,,,,,,,,,,,,,,,,,,,,,,,
"Switzerland","CHE",,,,,,,,,,,,,,,,,,,,,,,,,,,,,,,,,,,,,,,,,,,,,,,,,,,,,,,"34.0826565106592","35.4597988324787","36.6043286063333","37.864109457113","38.9846808461516","39.555597158669","40.4104658667547","39.9859430595539","39.9547282957949","41.2647756874978","41.6142824106006",
"Channel Islands","CHI",,,,,,,,,,,,,,,,,,,,,,,,,,,,,,,,,,,,,,,,,,,,,,,,,,,,,,,,,,,,,,,,,,
"Chile","CHL",,,,,,,,,,,,,,,,,,,,,,,,,,,,,,,,,,,,,,,,,,,,,,,,,,,"12.951148798926","10.3599996566772","14.042525992784","11.7200002670288","15.2283789799715","13.1000003814697","15.7262938444243","14.6400003433228","17.8410684297064","18.5991363585684","19.1731123093964","19.6066035468373","20.2839308500317","21.5449905281817","22.2672369170038",
"China","CHN",,,,,,,,,,,,,,,,,,,,,,,,,,,,,,,,,,,,,,,,,"1.46850953000224",,,,,,,,,,"3.57999992370606",,,,,,,,,,"7.67999982833862",,,,,
"Cote d'Ivoire","CIV",,,,,,,,,,,,,,,,,,,,,,,,,,,,,,,,,,,,,,,,,,,,,,,,,,,,,"6.24850035627203","2.59873863000434",,,"4.47960303777146",,,,,"4.98000001907349",,,,
"Cameroon","CMR",,,,,,,,,,,,,,,,,,,,,,,,,,,,,,,,,,,,,,,,,,,,,,"3.47358647001185",,,,,"1.44000005722046",,,,"5.7957578596256",,,,"6.42238998413086",,,,,,,
"Congo, Dem. Rep.","COD",,,,,,,,,,,,,,,,,,,,,,,,,,,,,,,,,,,,,,,,,,,,,,"2.47888423184268",,,,,,,"7.35328538022418","1.74000000953674",,,"3.48000001907349",,"7.4141697883606",,,,,,,
"Congo, Rep.","COG",,,,,,,,,,,,,,,,,,,,,,,,,,,,,,,,,,,,,,,,,,,,,,,,,,,,,,,,"7.82301998138428",,,,,,,,,,
"Colombia","COL",,,,,,,,,,,,,,,,,,,,,,,,,,,,,,,,,,,,,,,,,,,,,,,,"9.6899995803833","9.96000003814697","9.1899995803833","9.47000026702881","9.52000045776367","9.47000026702881","10.079999923706","10.5100002288818","10.3000001907349","10.8999996185303",,"11.7600002288818","12.0699996948242","12.8500003814697",,"16.2004612243704","16.4727370334322","17.6755294799805",
"Comoros","COM",,,,,,,,,,,,,,,,,,,,,,,,,,,,,,,,,,,,,,,,,,,,,,,,,,,,,,,"5.74851937266388",,,,,,,,"14.056170463562",,,
"Cabo Verde","CPV",,,,,,,,,,,,,,,,,,,,,,,,,,,,,,,,,,,,,,,,,,,,,,,,,,,,,,,,"6.92999982833862",,,,,,,,,,
"Costa Rica","CRI",,,,,,,,,,,,,,,,,,,,,,,,,,,,,,,,,,,,,,,,,,"10.4426482312953","10.5623443586383","10.7822497782368","11.0801568080647","11.7091864627017","12.5300127792117","12.710836512243",,,,,,,"22.7900009155273","21.2999992370606","20.6299991607666",,"21.3099994659424",,"21.6100006103516",,,,,
"Caribbean small states","CSS",,,,,,,,,,,,,,,,,,,,,,,,,,,,,,,,,,,,,,,,,,,,,,,,,,,,,,,,,,,,,,,,,,
"Cuba","CUB",,,,,,,,,,,,,,,,,,,,,,,,,,,,,,,,,,,,,,,,,,,"9.35999965667725",,,,,,,,,,"14.1800003051758",,,,,,,"15.3287696838379",,,,,,
"Curacao","CUW",,,,,,,,,,,,,,,,,,,,,,,,,,,,,,,,,,,,,,,,,,,,,,,,,,,,,,,,,,,,,"30.1700000762939",,,,,
"Cayman Islands","CYM",,,,,,,,,,,,,,,,,,,,,,,,,,,,,,,,,,,,,,,,,,,,,,,,,,,,,,,"32.1599998474121","29.8600006103516",,,,,,,,,,
"Cyprus","CYP",,,,,,,,,,,,,,,,,,,,,,,,,,,,,,,,,,,,,,,,,,,,,,,,,,,,,,"24.8899993896484","25.9699993133545","25.5499992370606","26.6200008392334","27.1772912769923","28.5599994659424","28.8714063332707","29.7999992370606","31.7848796332922","33.1646376632781","34.7165099830882",,
"Czechia","CZE",,,,,,,,,,,,,,,,,,,,,,,,,,,,,,,,,,,,,,,"0.508472684180771","0.74525714866419","0.849156820679165","0.952680719899568",,,,,,,,,,,,,"18.8299999237061","19.3400001525879","20.0799999237061","20.7299995422363","21.001915509847","20.9099998474121","21.385169111864","22.8479930525605","22.2876637269128","21.9581005821149",,
"Germany","DEU",,,,,,,,,,,,,,,,,,,,,,,,,,,,,,,,,,,,,,,,,,,,,,,,,,,,,,,"24.1800003051758","24.7399997711182","25.5799999237061","26.0311390227061","25.1499996185303","27.1979771669262","28.3500003814697","29.4035109811968","29.575744126838","30.5294541601323",,
"Djibouti","DJI",,,,,,,,,,,,,,,,,,,,,,,,,,,,,,,,,,,,,,,,,,,,,,,,,,,,,,,,,,"7.06418954989095",,,,,,,,
"Dominica","DMA",,,,,,,,,,,"1.10000002384186",,,,,,,,,,,"1.71000003814697",,,,,,,,,,,,,,,,,,,,"5.03000020980835",,,,,,,,,,,,,,,,,,,,"6.83760023117065",,,,
"Denmark","DNK",,,,,,,,,,,,,,,,,,,,,,,,,,,,,,,,,,,,,,,,,,,,,,,,,,,,,,,"28.9799995422363","30.3799991607666","30.9799995422363","30.1001661571119","32.3600006103516","31.5225927146297","33.0900001525879","32.7225268444934","33.0808151718898","33.6215669364704",,
"Dominican Republic","DOM",,,,,,,,,,,,,,,,,,,,,,,,,,,,,,,,,,,,,,,,,,,,,,,,,,,,,,,,,"18.1200008392334",,,"14.3608598709106",,,,,,
"Algeria","DZA",,,,,,,,,,,,,,,,,,,,,,,,,,,,,,,,,,,,,,,,,,,,,,,,,,,,"2.34999990463257",,,,,,,,"11.4359302520752",,,,,,
"East Asia & Pacific (excluding high income)","EAP",,,,,,,,,,,,,,,,,,,,,,,,,,,,,,,,,,,,,,,,,,,,,,,,,,,,,,,,,,,,,,,,,,
"Early-demographic dividend","EAR",,,,,,,,,,,,,,,,,,,,,,,,,,,,,,,,,,,,,,,,,,,,,,,,,,,,,,,,,,,,,,,,,,
"East Asia & Pacific","EAS",,,,,,,,,,,,,,,,,,,,,,,,,,,,,,,,,,,,,,,,,,,,,,,,,,,,,,,,,,,,,,,,,,
"Europe & Central Asia (excluding high income)","ECA",,,,,,,,,,,,,,,,,,,,,,,,,,,,,,,,,,,,,,,,,,,,,,,,,,,,,,,,,,,,,,,,,,
"Europe & Central Asia","ECS",,,,,,,,,,,,,,,,,,,,,,,,,,,,,,,,,,,,,,,,,,,,,,,,,,,,,,,,,,,,,,,,,,
"Ecuador","ECU",,,,,,,,,,,,,,,,,,,,,,,,,,,,,,,,,,,,,,,,,,,,,,,,"10.170000076294","9.77999973297119","9.97000026702881","10.2700004577637","9.61999988555908","10.9499998092651","11.5200004577637","10.4300003051758","12.079999923706","11.7200002670288","12.1599998474121",,,"11.9399995803833","12.3999996185303","17.0799999237061",,,
"Egypt, Arab Rep.","EGY",,,,,,,,,,,,,,,,,,,,,,,,,,,,,,,,,,,,,,,,,,,,,,,,,,,,,,,,,,,,,,"17.7730007171631",,"18.0522908453089",,
"Euro area","EMU",,,,,,,,,,,,,,,,,,,,,,,,,,,,,,,,,,,,,,,,,,,,,,,,,,,,,,,,,,,,,,,,,,
"Eritrea","ERI",,,,,,,,,,,,,,,,,,,,,,,,,,,,,,,,,,,,,,,,,,,,,,,,,,,,,,,,,,,,,,,,,,
"Spain","ESP",,,,,,,,,,,,,,,,,,,,,,,,,,,,,,,,,,,,,,,,,,,,,,,,,,,,,,,"20.8782897073911","21.2608748317821","20.9400005340576","22.1227851569263","21.9400005340576","23.0752325230941","23.5799999237061","24.9023668874483","24.1534196804545","25.0426560264041",,
"Estonia","EST",,,,,,,,,,,,,,,,,,,,,,,,,,,,,,,,,,,,,,,,,,,,,,,,,,,,,,,,,,,,,"30.8500003814697","31.7315850010193","32.6601680552965","32.9437276359698",,
"Ethiopia","ETH",,,,,,,,,,,,,,,,,,,,,,,,,,,,,,,,,,,,,,,,,,,,,,,,,,,,,,"1.25512365646388",,,"1.33300995826721",,,"3.43843007087708",,"6.28919628564445","3.79061007499695",,,
"European Union","EUU",,,,,,,,,,,,,,,,,,,,,,,,,,,,,,,,,,,,,,,,,,,,,,,,,,,,,,,,,,,,,,,,,,
"Fragile and conflict affected situations","FCS",,,,,,,,,,,,,,,,,,,,,,,,,,,,,,,,,,,,,,,,,,,,,,,,,,,,,,,,,,,,,,,,,,
"Finland","FIN",,,,,,,,,,,,,,,,,,,,,,,,,,,,,,,,,,,,,,,,,,,,,,,,,,,,,"21.1399993896484","21.8899993896484","22.5100002288818","23.0300006866455","25.9672173040461","24.3400001525879","28.0847371207921","25.9400005340576","30.2859658436355","28.5318439255576","28.8638220877644","29.8881473990903",,
"Fiji","FJI",,,,,,,,,,,,,,,,,,,,,,,,,,,,,,,,,,,,,,,,,,,,,,,,,,,,,,,,,,"5.17000007629395",,,,"10.0197696685791",,,,
"France","FRA",,,,,,,,,,,,,,,,,,,,,,,,,,,,,,,,,,,,,,,,,,,,,,,,,,,,,,,"16.3899993896484","17.6599998474121","17.3999996185303","18","19.2230115180777","19.7000007629394","20.9787726562609","22.9350666621263","23.5888817236364","24.3546212580131",,
"Faroe Islands","FRO",,,,,,,,,,,,,,,,,,,,,,,,,,,,,,,,,,,,,,,,,,,,,,,,,,,,,,,,,,,,,,,,,,
"Micronesia, Fed. Sts.","FSM",,,,,,,,,,,,,,,,,,,,,,,,,,,,,,,,,,,,,,,,,,,,,,,,,,,,,,,"6.9732081657563",,,,,,,,,,,
"Gabon","GAB",,,,,,,,,,,,,,,,,,,,,,,,,,,,,,,,,,,,,,,,,,,,,,,,,,,,,,,,,,,,,,,,,,
"United Kingdom","GBR",,,,,,,,,,,,,,,,,,,,,,,,,,,,,,,,,,,,,,,,,,,,,,,,,,,,,,"28.3899993896484","29.3299999237061",,,"33.9199981689453",,,"37.2799987792969","39.5900001525879",,,,
"Georgia","GEO",,,,,,,,,,,,,,,,,,,,,,,,,,,,,,,,,,,,,,,,,,,,,,,,,,,,"32.3346808827809","30.1700000762939","33.1189427711132","30.8600006103516","34.6604967819014","32.8499984741211","34.0200004577637","34.8497581481934","33.6699981689453","33.1648554684105","33.5340058252349","34.0200004577637","34.1964912414551","33.689998626709",
"Ghana","GHA",,,,,,,,,,,,,,,,,,,,,,,,,,,,,,,,,,,,,,,,,,,,,,,"2.49016015963301",,,,"2.82865051378303",,,"5.4079714480272",,"4.72734213529136",,"3.49149990081787",,,,"6.5842399597168","6.28955984115601",,,
"Gibraltar","GIB",,,,,,,,,,,,,,,,,,,,,,,,,,,,,,,,,,,,,,,,,,,,,,,,,,,,,,,,,,,,,,,,,,
"Guinea","GIN",,,,,,,,,,,,,,,,,,,,,,,,,,,,,,,,,,,,,"2.11999988555908",,,,,,,,,,,,,,"2.80999994277954",,,,"4.42999982833862",,"7.1741099357605",,"6.21000003814697",,,,,,,
"Gambia, The","GMB",,,,,,,,,,,,,,,,,,,,,,,,,,,,,,,,,,,,,,,,,,,,,,,,,,,,,,,,"2.04999995231628",,,"1.39770996570587",,"1.88328003883362",,,"2.51042008399963",,
"Guinea-Bissau","GNB",,,,,,,,,,,,,,,,,,,,,,,,,,,,,,,,,,,,,,,,,,,,,,,,,,,,,,,,,,,"4.10519586894411",,,,"2.62069010734558",,,
"Equatorial Guinea","GNQ",,,,,,,,,,,,,,,,,,,,,,,,,,,,,,,,,,,,,,,,,,,,,,,,,,,,,,,,,,,,,,,,,,
"Greece","GRC",,,,,,,,,,,,,,,,,,,,,,"7.59999990463257",,,,,,,,,,"8.69999980926514",,,,,,,,,,,,,,,,,,,,,,,"22.1900005340576","22.9300003051758","20.1399993896484","23.5572662762607","24.1726354055762","24.4034378297833","26.0400009155273","28.1758626025841","28.9304521780928","28.0326523757238","28.9360360146749",
"Grenada","GRD",,,,,,,,,,,,,,,,,,,,,,,,,,,,,,,,,,,,,,,,,,,,,,,,,,,,,,,,,,,"5.48917660763494","5.96911321408551","6.03760176688565","6.6010754720412",,"7.92329883690531",,
"Greenland","GRL",,,,,,,,,,,,,,,,,,,,,,,,,,,,,,,,,,,,,,,,,,,,,,,,,,,,,,,,,,,,,,,,,,
"Guatemala","GTM",,,,,,,,,,,,,,,,,,,,,,,,,,,,,,,,,,,,,,,,,,,,,,,,,,,,,"1.94000005722046","2.36999988555908",,"3.78042006492615",,,,"4.32000017166138",,,"5.68784999847412","4.16229762058748","5.07850980758667",
"Guam","GUM",,,,,,,,,,,,,,,,,,,,,,,,,,,,,,,,,,,,,,,,,,,,,,,,,,,,,,,,,,,,,,,,,,
"Guyana","GUY",,,,,,,,,,,,,,,,,,,,,,,,,,,,,,,,,,,,,,,,,,,,,,,,,,,,,,,,,,,"3.04251820581127","4.46917009353638",,,,,,
"High income","HIC",,,,,,,,,,,,,,,,,,,,,,,,,,,,,,,,,,,,,,,,,,,,,,,,,,,,,,,,,,,,,,,,,,
"Hong Kong SAR, China","HKG",,,,,,,,,,,,,,,,,,,,,,,,,,,,,,,,,,,,,,,,,,,,,,,,,,,,,,,,,,,,,,,,,,
"Honduras","HND",,,,,,,,,,,,,,,,,,,,,,,,,,,,,,,,,,,,,,,,,,,,,,"3.36741252893753","3.47958074092535","4.23000001907349","4.05739269679635","4.06812173761809","4.53401848194195","5.11999988555908","4.25","4.92402895986511","6.26999998092651","9.35000038146973","10.5","5.93570403851051","9.57999992370605","9.63000011444092",,,,"6.51603984832764","7.38915014266968",
"Heavily indebted poor countries (HIPC)","HPC",,,,,,,,,,,,,,,,,,,,,,,,,,,,,,,,,,,,,,,,,,,,,,,,,,,,,,,,,,,,,,,,,,
"Croatia","HRV",,,,,,,,,,,,,,,,,,,,,,,,,,,,,,,,,,,,,,,,,,,,,,,,,,,,,,,"14.5636595583759","15.5312904632279","16.1056637928677","17.0243573106261","17.9101952525657","18.0368060747983","18.8266372713644","19.2986945617446","19.6929512894322","21.9618380926261",,
"Haiti","HTI",,,,,,,,,,,,,,,,,,,,,,,,,,,,,,,,,,,,,,,,,,,,,,,,,,,,,"5.22608828847647",,,,,"4.53101015090942",,,,,,,,
"Hungary","HUN",,,,,,,,,,,,,,,,,,,,,,,,,,,,,,,,,,,,,,,,,,,,,,,,,,,,,,"19.4300003051758","19.8999996185303","20.6700000762939","20.4099998474121","20.8109029221453","21.8310533614892","22.6326181219748","24.0799999237061","25.8268891446559","26.1627698354882","26.3525127220673",,
"IBRD only","IBD",,,,,,,,,,,,,,,,,,,,,,,,,,,,,,,,,,,,,,,,,,,,,,,,,,,,,,,,,,,,,,,,,,
"IDA & IBRD total","IBT",,,,,,,,,,,,,,,,,,,,,,,,,,,,,,,,,,,,,,,,,,,,,,,,,,,,,,,,,,,,,,,,,,
"IDA total","IDA",,,,,,,,,,,,,,,,,,,,,,,,,,,,,,,,,,,,,,,,,,,,,,,,,,,,,,,,,,,,,,,,,,
"IDA blend","IDB",,,,,,,,,,,,,,,,,,,,,,,,,,,,,,,,,,,,,,,,,,,,,,,,,,,,,,,,,,,,,,,,,,
"Indonesia","IDN",,,,,,,,,,,,,,,,,,,,,,,,,,,,,,,,,,,,,,,,,,,,,,,,,,,,"4.85179887132985","5.77638038733417","6.18710368188552","7.96999979019165","8.47999954223633","8.78999996185303","8.23369979858398","9.36999988555908","8.78998911544875","10.5200004577637",,"9.48062106505868","9.32683739576692",,
"IDA only","IDX",,,,,,,,,,,,,,,,,,,,,,,,,,,,,,,,,,,,,,,,,,,,,,,,,,,,,,,,,,,,,,,,,,
"Isle of Man","IMN",,,,,,,,,,,,,,,,,,,,,,,,,,,,,,,,,,,,,,,,,,,,,,,,,,,,,,,,,,,,,,,,,,
"India","IND",,,,,,,,,,,,,,,,,,,,,,,,,,,,,,,,,,,,,,,,,,,,,,,,,,,,"9.14000034332275",,,,,"10.1431703567505",,"10.7799997329712","12.0160398483276","12.2200002670288",,"12.1400003433228","14.8800001144409",,
"Not classified","INX",,,,,,,,,,,,,,,,,,,,,,,,,,,,,,,,,,,,,,,,,,,,,,,,,,,,,,,,,,,,,,,,,,
"Ireland","IRL",,,,,,,,,,,,,,,,,,,,,,,,,,,,,,,,,,,,,,,,,,,,,,,"30.7600002288818","33.810001373291",,,"33.1199989318848","26.8400001525879",,,"31.0609990347078","31.1764627730336","31.7892265802023","31.1599998474121","35.1531239019396","35.4656977800903","37.2187148537184","38.4914834180722","38.4278214966169","41.8523570536881",,
"Iran, Islamic Rep.","IRN",,,,,,,,,,,,,,,,,,,,,,,,,,,,,,,,,,,,,,,,,,,,,,"6.09733115225897","5.70530312715117","5.39830411849843","4.89034265286054","4.4662500687902",,,"14.8100004196167","16.3199996948242","16.8700008392334",,"18.1800003051758",,,"16.6823568509246","16.7312583497694","17.2335774057151","17.6893212935983","17.9231829043501",,
"Iraq","IRQ",,,,,,,,,,,,,,,,,,,,,,,,,,,,,,,,,,,,,,,,,,,,,,,,"7.09124762126101",,,,,"7.6420746977813",,,,,,"10.4068899154663",,,"10.9389921650499",,,,
"Iceland","ISL",,,,,,,,,,,,,,,,,,,,,,,,,,,,,,,,,,,,,,,,,,,,,,,,,,,,,,,"31.3356183131779","32.343291894634","34.919979784315","36.9849307076824","39.0388021816671","36.1399993896484","36.6199989318848",,"34.2379611825299","34.4636962573314",,
"Israel","ISR",,,,,,,,,,,,,,,,,,,,,,,,,,,,,,,,,,,,,,,,,,,,,,,,,,,,,"31.2236010686484","31.3899993896484","32.7900009155273","33.2099990844727","33.9819556680169","34.8950401334066","35.7983778877423","36.2310266040996","36.506782771464","37.2001295681295","38.0541209906785","38.2999787289694",,
"Italy","ITA",,,,,,,,,,,,,,,,,,,,,,,,,,,,,,,,,,,,,,,,,,,,,,,,,,,,,,,"13.9849236207505","14.4994360454762","14.6699393451451","15.5496869094545","16.1792738575987","16.4591872390133","16.5499992370606","16.2955232275758","16.4901719680437","17.5816398207436",,
"Jamaica","JAM",,,,,,,,,,,,,,,,,,,,,,,,,,,,,,,,,,,,,,,,,,,,,,,,,,,,"6.80999994277954",,,,,,,,,,,"10.9498100280762",,,
"Jordan","JOR",,,,,,,,,,,,,,,,,,,,,,,,,,,,,,,,,,,,,,,,,,,,,,,,,,,,,,,,,,"20.9268398284912","19.3276579731591","18.5450555734843","18.6332251499433","19.1257200790855","18.7408133021572","23.2269191741943",,
"Japan","JPN",,,,,,,,,,,,,,,,,,,,,,,,,,,,,,,,,,,,,,,,,,,,,,,,,,,"19.9099998474121",,,,,,,,,,"25.5400009155273",,,,,
"Kazakhstan","KAZ",,,,,,,,,,,,,,,,,,,,,,,,,,,,,,,,,,,,,,,,"14.3699998855591",,,,,,,,"25.4799995422363",,"22.8099994659424",,,,,,"27.8106708526611",,,"34.0800018310547","37.6751594543457",,,,,,
"Kenya","KEN",,,,,,,,,,,,,,,,,,,,,,,,,,,,,,,,,,,,,,,,,,,,,,,,,,,,,,,,,,,,"4.80908012390137","3.74181008338928","5.68705987930298","5.47591018676758",,"6.75540018081665",
"Kyrgyz Republic","KGZ",,,,,,,,,,,,,,,,,,,,,,,,,,,,,,,,,,,,,,,,,,,,,,,,,,"16.2000007629394",,,,,,,,,"24.2648506164551",,,,,"23.9283008575439",,
"Cambodia","KHM",,,,,,,,,,,,,,,,,,,,,,,,,,,,,,,,,,,,,,,,,,,,,,,,,,,,,,,,,,"4.9236415273061",,"0.114589996635914","5.94468730526733","4.56162977218628",,"5.81718502439389",,
"Kiribati","KIR",,,,,,,,,,,,,,,,,,,,,,,,,,,,,,,,,,,,,,,,,,,,,,,,,,,,,,,,"1.24421888429582",,,"2.77992010116577","4.06162380548515","1.98977659977281",,,"1.75561269202813",,
"St. Kitts and Nevis","KNA",,,,,,,,,,,,,,,,,,,,,,,,,,,,,,,,,,,,,,,,,,,,,,,,,,,,,,,,,,,,,,,,,,
"Korea, Rep.","KOR",,,,,,,,,,,,,,,,,,,,,,,,,,,,,,,,,,,,,,,,,,,,"21.9830368913538","22.326437217769","23.0015011210082","23.920503385595","24.7681593976441","25.6736689761693","26.5173274517571","24.3600006103516","27.3989256966914","27.8424559265131","28.7843093426531","30.086553387602","28.6800003051758","31.7693627138952","32.1544824650371","33.022081532099","33.6001856179016","33.8704405825543","34.2422507220894","34.5359726980996","35.6374378641889","36.4573720087806",
"Kuwait","KWT",,,,,,,,,,,,,,,,,,,,,,,,,,,,,,,,,,,,,,,,,,,,,,"8.46000003814697","8.30000019073486","8.06999969482422","8.27999973297119",,,,"9.52000045776367","8.71000003814697",,"9.59000015258789",,"10.670000076294","11.1199998855591",,,,,,,
"Latin America & Caribbean (excluding high income)","LAC",,,,,,,,,,,,,,,,,,,,,,,,,,,,,,,,,,,,,,,,,,,,,,,,,,,,,,,,,,,,,,,,,,
"Lao PDR","LAO",,,,,,,,,,,,,,,,,,,,,,,,,,,,,,,,,,,,,,,,,,,,,,,,,,,"4.15011311373286",,,,,"3.53567595733447",,"5.15476989746094",,,,,"5.19382080015447","6.27000999450684",,
"Lebanon","LBN",,,,,,,,,,,,,,,,,,,,,,,,,,,,,,,,,,,,,,,,,,,,,,,,,,,,,,,,,,,"25.4613800048828","22.1418581611995",,,,,,
"Liberia","LBR",,,,,,,,,,,,,,,,,,,,,,,,,,,,,,,,,,,,,,,,,,,,,,,,,,,"3.01421494509902",,,,,,"3.66466178673862","3.39415718023281",,"5.0644998550415",,,,,,
"Libya","LBY",,,,,,,,,,,,,,,,,,,,,,,,,,,,,,,,,,,,,,,,,,,,,,,,,,,,,,,,,,,,,,,,,,
"St. Lucia","LCA",,,,,,,,,,,,,,,,,,,,,,,,,,,,,,,,,,,,,,,,,,,,,,,,,,,,,,,,,,,,,"11.0579900741577",,,,,
"Latin America & Caribbean","LCN",,,,,,,,,,,,,,,,,,,,,,,,,,,,,,,,,,,,,,,,,,,,,,,,,,,,,,,,,,,,,,,,,,
"Least developed countries: UN classification","LDC",,,,,,,,,,,,,,,,,,,,,,,,,,,,,,,,,,,,,,,,,,,,,,,,,,,,,,,,,,,,,,,,,,
"Low income","LIC",,,,,,,,,,,,,,,,,,,,,,,,,,,,,,,,,,,,,,,,,,,,,,,,,,,,,,,,,,,,,,,,,,
"Liechtenstein","LIE",,,,,,,,,,,,,,,,,,,,,,,,,,,,,,,,,,,,,,,,,,,,,,,,,,,,,,,,,,,,,,,,,,
"Sri Lanka","LKA",,,,,,,,,,,,,,,,,,,,,,,,,,,,,,,,,,,,,,,,,,"13.6999998092651",,,,,,,"13.8800001144409","14.1099996566772",,,,"0.791156456812126","0.665697750219181","0.851823832219362","0.797127485573272","0.665925137200051","0.684108381445954","0.746379526019177","0.692693519544343","0.756617153899245","0.911603049595537",,,
"Lower middle income","LMC",,,,,,,,,,,,,,,,,,,,,,,,,,,,,,,,,,,,,,,,,,,,,,,,,,,,,,,,,,,,,,,,,,
"Low & middle income","LMY",,,,,,,,,,,,,,,,,,,,,,,,,,,,,,,,,,,,,,,,,,,,,,,,,,,,,,,,,,,,,,,,,,
"Lesotho","LSO",,,,,,,,,,,,,,,,,,,,,,,,,,,,,,,,,,,,,,,,,,,,,,,,,,,,,,,,,,,"3.93763995170593",,,,,,,
"Late-demographic dividend","LTE",,,,,,,,,,,,,,,,,,,,,,,,,,,,,,,,,,,,,,,,,,,,,,,,,,,,,,,,,,,,,,,,,,
"Lithuania","LTU",,,,,,,,,,,,,,,,,,,,,,,,,,,,,,,,,,,,,,,,,,,,,,,,,,,,,,"26.3899993896484","31.5","33.0999984741211","33.939998626709","34.5400009155273","35.9516875448363","37.327369377978","38.0999984741211","40.1166281496363","41.4149466041617","41.3070548478587",,
"Luxembourg","LUX",,,,,,,,,,,,,,,,,,,,,,,,,,,,,,,,,,,,,,,,,,,,,,,,,,,,,,,"32.4782052224114","29.7948332196253",,,"35.3018707883265","37.1256471674156","37.1187051096982","41.5808857989599","42.0351303246455","41.8519604082982",,
"Latvia","LVA",,,,,,,,,,,,,,,,,,,,,,,,,,,,,,,,,,,,,,,,,,,,,,,,,,,,,,"27.6900005340576","26.6299991607666","27.7000007629394","29.1100006103516",,"30.0300006866455","30.9400005340576",,"32.1994808078856","32.5734919444113","33.2018814850714",,
"Macao SAR, China","MAC",,,,,,,,,,,,,,,,,,,,,,,,,,,,,,,,,,,,,,,,,,,,,,,,,,,,,,,,,,,,,,,,,,
"St. Martin (French part)","MAF",,,,,,,,,,,,,,,,,,,,,,,,,,,,,,,,,,,,,,,,,,,,,,,,,,,,,,,,,,,,,,,,,,
"Morocco","MAR",,,,,,,,,,,,,,,,,,,,,,,,,,,,,,,,,,,,,,,,,,,,,,,,,,,,,,,,,,,,,,,,,,
"Monaco","MCO",,,,,,,,,,,,,,,,,,,,,,,,,,,,,,,,,,,,,,,,,,,,,,,,,,,,,,,,,,,,,,,,,,
"Moldova","MDA",,,,,,,,,,,,,,,,,,,,,,,,,,,,,,,,,,,,,,,,,"11.4333231842532","11.7242998239949","12.3293706114074","13.0115284620782","13.7935841981256","13.5266433778526","16.082653881727","15.0900001525879","15.6199998855591","16.2700004577637","16.9699993133545","17.8700008392334","18.8600006103516","19.0400009155273","20.0900001525879","19.3700008392334","18.8267918182971","18.9358224933804","20.1200008392334","20.0499992370606","20.1900005340576","20.4300003051758","20.3899993896484","20.9641449953977","22.5620785775415",
"Madagascar","MDG",,,,,,,,,,,,,,,,,,,,,,,,,,,,,,,,,,,,,,,,,,,,,,,,,,,,,,,,"2.67682728929361",,,"2.75999999046326",,,"2.92739009857178",,,,
"Maldives","MDV",,,,,,,,,,,,,,,,,,,,,,,,,,,,,,,,,,,,,,,,,,,,,,,,,,,,,,,"1.4142720833792",,"8.39877715876334","6.3590497970581",,"10.9562445273248",,,,,,
"Middle East, North Africa, Afghanistan & Pakistan","MEA",,,,,,,,,,,,,,,,,,,,,,,,,,,,,,,,,,,,,,,,,,,,,,,,,,,,,,,,,,,,,,,,,,
"Mexico","MEX",,,,,,,,,,,,,,,,,,,,,,,,,,,,,,,,,,,,,,,,,,,,,,,,,,,"12.7600002288818",,,"14.3199996948242","13.960000038147","14.7799997329712","14.710000038147","15.3699998855591","16.0200004577637",,"17.1299991607666",,,,,
"Marshall Islands","MHL",,,,,,,,,,,,,,,,,,,,,,,,,,,,,,,,,,,,,,,,,,,,,,,,,,,,"3.66000008583069",,,,,,,,"6.23803997039795",,"4.18941621167576",,,,
"Middle income","MIC",,,,,,,,,,,,,,,,,,,,,,,,,,,,,,,,,,,,,,,,,,,,,,,,,,,,,,,,,,,,,,,,,,
"North Macedonia","MKD",,,,,,,,,,,,,,,,,,,,,,,,,,,,,,,,,,,,,,,,,,,,,,"8.42540608749629","8.60197253728576","9.92935364510515","9.41234534960701","10.733900467759","11.59356906029","13.6028790465101","14.2136106160965","13.277484646403","14.1362759313881","15.2408083592465","17.0367287594472","17.221114172599","21.1261196136475","17.5378500632178","21.6800003051758","19.3952220457226","19.8216794815429",,"20.033219660169",
"Mali","MLI",,,,,,,,,,,,,,,,,,,,,,,,,,,,,,,,,,,,,,,,,,,,,,,,,,"1.7580078262782",,,,,,"2.65171003341675","1.5411006735842","1.63738800803639","3.12717008590698","3.09232997894287","1.55999994277954",,"2.33424997329712",,,
"Malta","MLT",,,,,,,,,,,,,,,,,,,,,,,,,,,,,,,,,,,,,,,,,,,,,,,,,,,,,,"13.0900001525879","13.460000038147","13.2799997329712","13.4899997711182","17.7416718428193","18.4200000762939","21.9817500152228","21.8400001525879","24.3238720519087","24.440539535189","26.3049825063073",,
"Myanmar","MMR",,,,,,,,,,,,,,,,,,,,,,,,,,,,,,,,,,,,,,,,,,,,,,,,,,,,,,,"9.11890430856737",,,"6.76923515025347","7.42544889320717","9.35000038146973",,,,,,
"Middle East, North Africa, Afghanistan & Pakistan (excluding high income)","MNA",,,,,,,,,,,,,,,,,,,,,,,,,,,,,,,,,,,,,,,,,,,,,,,,,,,,,,,,,,,,,,,,,,
"Montenegro","MNE",,,,,,,,,,,,,,,,,,,,,,,,,,,,,,,,,,,,,,,,,,,,,,,,,,,,,,,"16.2786597589935","16.9736476894793","19.2002310333666","19.3196109851003","21.4508209228516","19.7659276423604","19.5769768453581",,,,,
"Mongolia","MNG",,,,,,,,,,,,,,,,,,,,,,,,,,,,,,,,,,,,,,,,,"12.2299995422363",,,,,,,,,,"23.7099990844727",,,"26.5189152251705","26.7164197693926","29.1099934191934","29.1731284048602","29.9934371157018","29.282169342041","31.5404300689697","32.5999984741211","32.7878079549449","31.6441402435303","31.1601390838623",,
"Northern Mariana Islands","MNP",,,,,,,,,,,,,,,,,,,,,,,,,,,,,,,,,,,,,,,,,,,,,,,,,,,,,,,,,,,,,,,,,,
"Mozambique","MOZ",,,,,,,,,,,,,,,,,,,,,"0.100000001490116",,,,,,,,,,,,,,,,,,,,,,,,,,,,,,,,,,,"2.49363667290123",,"1.83000004291534",,,"3.3199999332428",,"3.0377299785614",,,
"Mauritania","MRT",,,,,,,,,,,,,,,,,,,,,,,,,,,,,,,,,,,,,,,,,,,,,,,,,,,,,,"2.53999996185303",,"5.16966009140015",,,,,,,,,,
"Mauritius","MUS",,,,,,,,,,,,,,,,,,,,,,,,,,,,,,,,,,,,,,,,,,,,,,,"0.681399687923587","0.763404070264037","1.0741496889464",,"1.16589451756905",,"6.42991065943924","7.03711332638948","7.66233060402291","8.39363666818823","7.71248220683542","8.25259178796736","9.29520933632753","9.48773479532373","11.6015940962507","7.36532623084989","7.98654330971499","11.6674034981347",,
"Malawi","MWI",,,,,,,,,,,,,,,,,,,,,,,,,,,,,,,,,,,,,,,,,,,,,,"0.548875321350255",,,,,,"0.78131390545337",,,,"1.37791001796722",,"0.872224807991553",,,"1.32095003128052",,,,,
"Malaysia","MYS",,,,,,,,,,,,,,,,,,,,,,,,,,,,,,,,"4.62000311898944",,,,,,,,,"8.32035087371126",,,,,,,,,,,,,,,,"11.3100004196167",,,"12.3900003433228",,,"14.5600004196167",,,
"North America","NAC",,,,,,,,,,,,,,,,,,,,,,,,,,,,,,,,,,,,,,,,,,,,,,,,,,,,,,,,,,,,,,,,,,
"Namibia","NAM",,,,,,,,,,,,,,,,,,,,,,,,,,,,,,,,,,,,,,,,,,,,,,,,,,,,,"5.54650178686023","6.06335117295641","5.68370997010384",,,,,,,,,"8.57999992370605",,
"New Caledonia","NCL",,,,,,,,,,,,,,,,,,,,,,,,,,,,,,,,,,,,,,,,,,,,,,,,,,,,,,,,,,,,"15.1886596679688",,,,,,
"Niger","NER",,,,,,,,,,,,,,,,,,,,,,,,,,,,,,,,,,,,,,,,,,,,,,,,,,,,"1.37539532639909","1.01999998092651",,"1.13486607656488",,,"1.16503778091146","1.08332002162933","1.23207357288324",,,"0.971300005912781",,,
"Nigeria","NGA",,,,,,,,,,,,,,,,,,,,,,,,,,,,,,,,,,,,,,,,,,,,,,,"9.03999996185303",,,,,,,,,,"5.93782997131348",,"8.14807987213135","6.57126998901367",,"10.9653997421265","3.47736860285226","3.80241384950738","10.5669097900391",
"Nicaragua","NIC",,,,,,,,,,,,,,,,,,,,,,,,,,,,,,,,,,,,,,,,,,,,,,,,,,,,,,,,,,,,,,,,,,
"Netherlands","NLD",,,,,,,,,,,,,,,,,,,,,,,,,,,,,,,,,,,,,,,,,,,,,,,,,,,,,,"27.2199993133545","28.0100002288818","28.8700008392334","29.4099998474121","31.5964205317811","31.0900001525879","34.2848460261818","34.7700004577637","35.4291463684265","36.393924131785","36.5573313987755",,
"Norway","NOR",,,,,,,,,,,,,,,,,,,,,,,,,,,,,,,,,,,,,,,,,,,,,,,,,,,,,,,"25.7299995422363","26.6499996185303","27.3299999237061","28.0699996948242","30.4479349491915","29.2900009155273",,"33.5931259553046","31.6725480402091","32.1868255742863",,
"Nepal","NPL",,,,,,,,,,,,,,,,,,,,,,,,,,,,,,,,,,,,,,,,,,,,,,,,,"2.34117658974378",,,"4.55999994277954",,,,,,"5.81882377960664",,,,,,,,
"Nauru","NRU",,,,,,,,,,,,,,,,,,,,,,,,,,,,,,,,,,,,,,,,,,,,,,,,,,,,,,,,,,,,,,,,"2.11640000343323",,
"New Zealand","NZL",,,,,,,,,,,,,,,,,,,,,,,,,,,,,,,,,,,,,,,,,,,,,,,,,,,,,,,"26.1499996185303","25.8600006103516","28.1000003814697",,,,"32.2799987792969",,,,,
"OECD members","OED",,,,,,,,,,,,,,,,,,,,,,,,,,,,,,,,,,,,,,,,,,,,,,,,,,,,,,,,,,,,,,,,,,
"Oman","OMN",,,,,,,,,,,,,,,,,,,,,,,,,,,,,,,,,,,,,,,,,,,,,,,,,,,"12.3199996948242",,,,,"12.460000038147",,,,,"17.1000003814697",,"19.1100006103516",,,
"Other small states","OSS",,,,,,,,,,,,,,,,,,,,,,,,,,,,,,,,,,,,,,,,,,,,,,,,,,,,,,,,,,,,,,,,,,
"Pakistan","PAK",,,,,,,,,,,,,"3.40000009536743",,,,,,,,,"1.88999998569489",,,,,,,,,,,,,,,,,,,,,,,,"3.92000007629394","6.30000019073486","5.36542999851818","6.07000017166138","6.67000007629395","6.96999979019165","7.40000009536743","7.53999996185303","7.98999977111816","8.75","8.06536192811808","8.25492725286196","8.64999961853027","3.89077997207642","8.95108032226562",,"9.92868041992188",,,,
"Panama","PAN",,,,,,,,,,,,,,,,,,,,,,,,,,,,,,,,,,,,,,"16.3462794149393",,,,,,"18.9776748872643",,,,,"20.7341186146558",,"16.0900001525879",,,,,,,,,"19.6299991607666",,,"16.2066171024572","16.1276831726238","14.5984949839494",
"Peru","PER",,,,,,,,,,,,,,,,,,,,,,,,,,,,,,,,,,,,,,,,,,,,,,,,,,,,,,,,,,,,,,,,,,
"Philippines","PHL",,,,,,,,,,,,,,,,,,,,,,,,,,,,,,,,,,,,,,,,,,,,,,,,,,,"16.4300003051758",,,"17",,,,"16.0200004577637",,"24.4099998474121","20.3400001525879","21.7091616144552","18.075719833374",,,
"Palau","PLW",,,,,,,,,,,,,,,,,,,,,,,,,,,,,,,,,,,,,,,,,,,,,,,,,,,,,,,"11.4989514012968",,,,,,"14.6928746928746",,,,,
"Papua New Guinea","PNG",,,,,,,,,,,,,,,,,,,,,,,,,,,,,,,,,,,,,,,,,,,,,,,,,,,,,,,,,,,"2.15040993690491",,,,"3.13966266418627",,,
"Poland","POL",,,,,,,,,,,,,,,,,,,,,,,,,,,,,,,,,,,,,,,,,,,,,,,,,,,,,,"22.6299991607666","23.7000007629394","24.3093259638662","24.9500007629394","25.9318225118886","26.5329086902906","27.3313870167182","28.0100002288818",,,,,
"Pre-demographic dividend","PRE",,,,,,,,,,,,,,,,,,,,,,,,,,,,,,,,,,,,,,,,,,,,,,,,,,,,,,,,,,,,,,,,,,
"Puerto Rico (US)","PRI",,,,,,,,,,,,,,,,,,,,,,,,,,,,,,,,,,,,,,,,,,,,,,,,,,,,,"14.710000038147",,,,,"7.59000015258789",,,"27.5883240244438",,"29.8358592987061","30.8338108062744",,
"Korea, Dem. People's Rep.","PRK",,,,,,,,,,,,,,,,,,,,,,,,,,,,,,,,,,,,,,,,,,,,,,,,,,,,,,,,,,,,,,,,,,
"Portugal","PRT",,,,,,,,,,,"1.63999998569489",,,,,,,,,,,"3.47000002861023",,,,,,,,,,"7.67000007629395",,,,,,,"6.86999988555908","7.11999988555908","7.28000020980835","7.57000017166138","7.69999980926514","8.94999980926514","10.2299995422363","10.4499998092651","11.0699996948242","11.210000038147","11.5900001525879","11.9799995422363","12.6599998474121","14.1199998855591","15.2399997711182","15.8699998855591","17.4799995422363","18.1800003051758","19","19.25","18.6499996185303","20.7199993133545","22.5100002288818","22.4542395345449","23.1223938479372","23.5028353899237","24.9081630188819",
"Paraguay","PRY",,,,,,,,,,,,,,,,,,,,,,,,,,,,,,,,,,,,,,,,,,,,,,,,,,,,,"9.22999954223633","12.1800003051758","11.710000038147","12.8000001907349","12.3500003814697",,"13.0200004577637","13.9899997711182","14.1899995803833",,,,"16.1586093902588",
"West Bank and Gaza","PSE",,,,,,,,,,,,,,,,,,,,,,,,,,,,,,,,,,,,,,,,,"8.21464127405085","8.62260785323376","8.63854259161858","9.24161053897592","9.6592340583061","9.88667202122177","10.2186573941856","10.8093626967863","11.6868355527589","13.2110208357877","13.9264423521909","15.0932072407012","15.7001063506433","16.2600002288818","16.6000003814697","17.1200008392334","17.5900001525879","18.0200004577637","19.0900001525879","21.6766109466553","21.7099990844727","22.1371975857521","22.75",,"22.7881549561137",
"Pacific island small states","PSS",,,,,,,,,,,,,,,,,,,,,,,,,,,,,,,,,,,,,,,,,,,,,,,,,,,,,,,,,,,,,,,,,,
"Post-demographic dividend","PST",,,,,,,,,,,,,,,,,,,,,,,,,,,,,,,,,,,,,,,,,,,,,,,,,,,,,,,,,,,,,,,,,,
"French Polynesia","PYF",,,,,,,,,,,,,,,,,,,,,,,,,,,,,,,,,,,,,,,,,,,,,,,,,,,,,,,,,,,,,,,,,,
"Qatar","QAT",,,,,,,,,,,,,,,,,,,,,,,,,,,,,,,,,,,,,,,,,,,,,"20.8600006103516",,,"25.1299991607666","21.1599998474121","19.2700004577637","17.1200008392334","18.7999992370606","20.8799991607666","20.5100002288818","20.3099994659424",,"18.8799991607666","19.0300006866455",,,,,"30.3899993896484",,,
"Romania","ROU",,,,,,,,,,,,,,,,,,,,,,,,,,,,,,,,,,,,,,,,,,,,,,,,,,,,,,,"13.0100002288818","14.0779897865985","14.2660026143093","14.3637012701211","14.5098533487382","14.7860199636808","15.1375639571037","13.9771328312794","15.283466873163","14.6010893280568",,
"Russian Federation","RUS",,,,,,,,,,,,,,,,,,,,,,,,,,,,,,,,,,,,,,,,,,,,,,,,,,,"59.2599983215332",,,,,,,,,,,"41.2200012207031",,,,
"Rwanda","RWA",,,,,,,,,,,,,,,,,,,,,,,,,,,,,,,,,,,,,,,,,,,,,,,,,,,,,"2.09999990463257",,"2.28999996185303","2.20666003227234",,"5.61588613787569","4.13000011444092","6.0194514197539","3.30790996551514","5.86903577541687","4.46000003814697","5.14924034897064","6.50115156227043",
"South Asia","SAS",,,,,,,,,,,,,,,,,,,,,,,,,,,,,,,,,,,,,,,,,,,,,,,,,,,,,,,,,,,,,,,,,,
"Saudi Arabia","SAU",,,,,,,,,,,,,,,,,,,,,,,,,,,,,,,,,,,,,,,,,,,,,"14.9300003051758",,,,,,,,,"19.9400005340576",,,,"25.9799995422363","24.7528946295623","24.5376350425871","31.0499992370606","31.1062124280316","31.3336488869736","30.8887484783962","36.03942",
"Sudan","SDN",,,,,,,,,,,,,,,,,,,,,,,,,,,,,,,,,,,,,,,,,,,,,,,,,"6.02659756265814",,,,,,,,,,,,,,"8.07872009277344",,,
"Senegal","SEN",,,,,,,,,,,,,,,,,,,,,,,,,,,,,,,,,,,,,,,,,,,,,,,,,,,,"2.04999995231628",,"3.11999988555908",,"2.51695990562439","3.62067008018494","2.75999999046326","3.16594004631042","3.64053988456726",,,"4.90400881209774","3.81153011322021",,
"Singapore","SGP",,,,,,,,,,,,,,,,,,,,,"2.66000008583069",,,,,,,,,,"4.75",,,,,"7.55999994277954",,,,,,,,,,"17.5300006866455","19.6000003814697","20.0900001525879","21.7999992370606","22.5400009155273","23.6800003051758","24.5499992370606","25.6800003051758","27.3400001525879","27.7399997711182","28.2099990844727","29.1299991607666","30.7099990844727","31.6000003814697","32.3699989318848","32.9799995422363","36.060001373291","36.189998626709",,,
"Solomon Islands","SLB",,,,,,,,,,,,,,,,,,,,,,,,,,,,,,,,,,,,,,,,,,,,,,,,,,,,,,"6.3956517790827",,,,,,,,,,,,
"Sierra Leone","SLE",,,,,,,,,,,,,,,,,,,,,,,,,,,,,,,,,,,,,,,,,,,,"0.738986612169719","0.850000023841858",,,,,,,,,,,,,"2.14157009124756","1.90912288123034","1.95823001861572",,,,,,
"El Salvador","SLV",,,,,,,,,,,,,,,,,,,,,,,,,,,,,,,,,,,,,,,,,,,,,,,,,,,,,,"6.05999994277954",,,"7.11999988555908","6.67000007629395",,"8.34000015258789","8.43000030517578",,,"7.26999998092651",,
"San Marino","SMR",,,,,,,,,,,,,,,,,,,,,,,,,,,,,,,,,,,,,,,,,,,,,,,,,,,,,,,,,,,"15.7600002288818",,"18.1900005340576",,"18.3899993896484",,,
"Somalia, Fed. Rep.","SOM",,,,,,,,,,,,,,,,,,,,,,,,,,,,,,,,,,,,,,,,,,,,,,,,,,,,,,,,,,,,,,,"4.26999998092651",,,
"Serbia","SRB",,,,,,,,,,,,,,,,,,,,,,,,,,,,,,,,,,,,,,,,,,,"7.86999988555908",,,,,"9.38823094058818","8.96645866960892","9.53835980463052","9.76888362402288","11.8000001907349","10.9038991841836","11.460000038147","12.6499996185303","13.579999923706","14.5100002288818","14.8999996185303","15.4879278785465","15.5200004577637","16.2851422565156","17.2317031410414","24.8500003814697","18.6692014707128","19.9911013863254",
"Sub-Saharan Africa (excluding high income)","SSA",,,,,,,,,,,,,,,,,,,,,,,,,,,,,,,,,,,,,,,,,,,,,,,,,,,,,,,,,,,,,,,,,,
"South Sudan","SSD",,,,,,,,,,,,,,,,,,,,,,,,,,,,,,,,,,,,,,,,,,,,,,,,,"3.76999998092651",,,,,,,,,,,,,,,,,
"Sub-Saharan Africa","SSF",,,,,,,,,,,,,,,,,,,,,,,,,,,,,,,,,,,,,,,,,,,,,,,,,,,,,,,,,,,,,,,,,,
"Small states","SST",,,,,,,,,,,,,,,,,,,,,,,,,,,,,,,,,,,,,,,,,,,,,,,,,,,,,,,,,,,,,,,,,,
"Sao Tome and Principe","STP",,,,,,,,,,,,,,,,,,,,,,"0.28999999165535",,,,,,,,,,,,,,,,,,,,,,,,,,,,,,,"3.25999999046326",,,,,,,"4.8479700088501",,,,,,
"Suriname","SUR",,,,,,,,,,,,,,,,,,,,,,,,,,,,,,,,,,,,,,,,,,,,,,,,,,,,,,,,,,,"4.9513897895813",,,,"8.93062019348145",,,
"Slovak Republic","SVK",,,,,,,,,,,,,,,,,,,,,,,,,,,,,,,,,,,,,,,,,,,,,,,,,,,,"18.5699996948242","13.7725574976928","14.7576264787918","18.0599994659424","18.9200000762939","19.6399993896484","20.6800003051758","21.8899993896484","22.8600006103516","23.620490640406","24.5144290300275","25.7726848924658","25.2886278348116",,
"Slovenia","SVN",,,,,,,,,,,,,,,,,,,,,,,,,,,,,,,,,,,,,,,,,,,,,,,,,,,,,,,"18.2199993133545","18.8099994659424","19.6399993896484","20.6800003051758","20.7278361425149","21.5100002288818","23.7546282692119","26.5944067545062","26.0893187512836","22.0416035512248",,
"Sweden","SWE",,,,,,,,,,,,,,,,,,,,,,,,,,,,,,,,,,,,,,,,,,,,,,,,,,,,,,"22.0400009155273","22.5400009155273","23","23.4799995422363","23.9400005340576","30.9924607148911","25.0799999237061","32.541038761967","32.6151400648583","33.6641523203769","34.883027208531",,
"Eswatini","SWZ",,,,,,,,,,,,,,,,,,,,,,,,,,,,,,,,,,,,,,,,,,,,,,,,,,,,,,,,,,,,,,,"6.40754985809326",,,
"Sint Maarten (Dutch part)","SXM",,,,,,,,,,,,,,,,,,,,,,,,,,,,,,,,,,,,,,,,,,,,,,,,,,,,,,,,,,,,,,,,,,
"Seychelles","SYC",,,,,,,,,,,,,,,,,,,,,,,,,,,,,,,,,,,,,,,,,,,,,,,,,,,,,,,,,,,,,,,,"9.52498788940018",,
"Syrian Arab Republic","SYR",,,,,,,,,,,,,,,,,,,,,,,,,,,,,,,,,,,,,,,,,,,,,,,,,,,,,,,,,,,,,,,,,,
"Turks and Caicos Islands","TCA",,,,,,,,,,,,,,,,,,,,,,,,,,,,,,,,,,,,,,,,,,,,,,,,,,,,,,,,,,,,"11.7487096786499",,,,,,
"Chad","TCD",,,,,,,,,,,,,,,,,,,,,,,,,,,,,,,,,,,,,,,,,,,,,,,,,,"0.860000014305115",,,,,,,,,"2.73242147804936","1.75650000572205",,,,,,
"East Asia & Pacific (IDA & IBRD countries)","TEA",,,,,,,,,,,,,,,,,,,,,,,,,,,,,,,,,,,,,,,,,,,,,,,,,,,,,,,,,,,,,,,,,,
"Europe & Central Asia (IDA & IBRD countries)","TEC",,,,,,,,,,,,,,,,,,,,,,,,,,,,,,,,,,,,,,,,,,,,,,,,,,,,,,,,,,,,,,,,,,
"Togo","TGO",,,,,,,,,,,,,,,,,,,,,,,,,,,,,,,,,,,,,,,,,,,,,,,,,,,"1.55236583526161","5.48918169518439",,,,,,"3.10193991661072",,"5.28615802433264",,,"4.44268989562988",,,
"Thailand","THA",,,,,,,,,,,,,,,,,,,,,,,,,,,,,,,,,,,,,,,,,,,,,,,,,,,,,,"13.1300001144409",,,"14.8100004196167",,"14.9399995803833","15.6300001144409",,,"17.3500003814697",,,
"Tajikistan","TJK",,,,,,,,,,,,,,,,,,,,,,,,,,,,,,,,,,,,,,,,,"10.6499996185303",,,,,,,,,,,,,,,,"13.4074633159107","12.0100002288818",,,,,,,,
"Turkmenistan","TKM",,,,,,,,,,,,,,,,,,,,,,,,,,,,,,,,,,,,"12.6599998474121",,,,,,,,,,,,,,,,,,,,"10.1430797576904",,,,"13.8386697769165",,,"9.59000015258789",,,
"Latin America & the Caribbean (IDA & IBRD countries)","TLA",,,,,,,,,,,,,,,,,,,,,,,,,,,,,,,,,,,,,,,,,,,,,,,,,,,,,,,,,,,,,,,,,,
"Timor-Leste","TLS",,,,,,,,,,,,,,,,,,,,,,,,,,,,,,,,,,,,,,,,,,,,,,,,,,,,,,,,,"7.36493015289307",,,,,,"20.3700008392334",,,
"Middle East, North Africa, Afghanistan & Pakistan (IDA & IBRD)","TMN",,,,,,,,,,,,,,,,,,,,,,,,,,,,,,,,,,,,,,,,,,,,,,,,,,,,,,,,,,,,,,,,,,
"Tonga","TON",,,,,,,,,,,,,,,,,,,,,,,,,,,,,,,,,,,,,,,,,,,,,,,,,,,,,,,,,"3.65328450804112",,"3.88319120687167","9.49322986602783",,"5.4589189829888",,"5.99164409763445",,
"South Asia (IDA & IBRD)","TSA",,,,,,,,,,,,,,,,,,,,,,,,,,,,,,,,,,,,,,,,,,,,,,,,,,,,,,,,,,,,,,,,,,
"Sub-Saharan Africa (IDA & IBRD countries)","TSS",,,,,,,,,,,,,,,,,,,,,,,,,,,,,,,,,,,,,,,,,,,,,,,,,,,,,,,,,,,,,,,,,,
"Trinidad and Tobago","TTO",,,,,,,,,,,,,,,,,,,,,,,,,,,,,,,,,,,,,,,,,,,,,,,,,"9.82999992370605","9.60999965667725",,"5.78999996185303",,,,,,,,,,,"10.1399097442627",,,
"Tunisia","TUN",,,,,,,,,,,,,,,,,,,,,,,,,,,,,,,,,,,,,,,,,,,,,,,,,,,,,,,,,,,"13.3981304168701","13.878872031676",,,,"12.8028297424316",,
"Turkiye","TUR",,,,,,,,,,,,,,,,,,,,,,,,,,,,,,,,,,,,,,,,,,,,,,,,,,,,,,,,,,,,,,"20.4976116552789","20.9415740107689","21.8643391177776",,
"Tuvalu","TUV",,,,,,,,,,,,,,,,,,,,,,,,,,,,,,,,,,,,,,,,,,,,,,,,,,,"3.0572153765716",,,,,,"6.22989657861806","8.43443096476025",,,,,,,,
"Tanzania","TZA",,,,,,,,,,,,,,,,,,,,,,,,,,,,,,,,,,,,,,,,,,,,,,,,,"0.300240395297205",,"0.48110984273635",,"1.07453626289586",,,"1.6764999628067",,,"1.41936004161835",,,,"2.31976008415222",,,
"Uganda","UGA",,,,,,,,,,,,,,,,,,,,,,,,,,,,,,,,,,,,,,,,,,,,,,,,,"1.8400000333786",,"2.96000003814697","1.66774530456937","1.70000004768372",,"2.44184782223205",,"0.940330028533936","2.92621064812122",,"4.25233615147672",,"4.43541090411987",,,,
"Ukraine","UKR",,,,,,,,,,,,,,,,,,,,,,,,,,,,,,,,,,,,,,,,,,"16.75",,,,,,,,,,,,,,,,,,"34.7476005554199",,,,,,
"Upper middle income","UMC",,,,,,,,,,,,,,,,,,,,,,,,,,,,,,,,,,,,,,,,,,,,,,,,,,,,,,,,,,,,,,,,,,
"Uruguay","URY",,,,,,,,,,,,,,,,,,,,,,,,,,,,,,,,,,,,,,,,,,,,,,,,,,,,,,"7.19999980926514","7.40999984741211","10.5","10.460000038147","11.3400001525879","11.4700002670288","11.8400001525879",,,,,"12.9296798706055",
"United States","USA",,,,,,,,,,,,,,,,,,,,,,,,,,,,,,,,,,,"22.5114912460667","23.1610209652629","23.7563569347269","24.1817557730023","24.8992515998925","25.607379017249","25.871996968313","26.2660135830579","26.8990001359402","27.470244377619","27.7378357639175","27.9080910965083","28.4415736430702","29.1170692702114","29.5267774375668","29.7172554260736","29.9961309081733","30.4181560751516","31.0561865240495","31.6599998474121","31.9599990844727","32.5","33.439998626709","32.0158805847168","34.9900016784668","36.0551531503778","37.5200004577637","35.0492286682129","37.6599998474121","38.601131439209","39.0294779820448",
"Uzbekistan","UZB",,,,,,,,,,,,,,,,,,,,,,,,,,,,,,,,,,,,,,,,,,,,,,,,,,,,,,"15.420000076294","15.6800003051758","15.8000001907349","16.3199996948242",,"16.2999992370606","16.4300003051758",,"16.4500007629394","16.8500003814697",,,
"St. Vincent and the Grenadines","VCT",,,,,,,,,,,,,,,,,,,,,,,,,,,,,,,,,,,,,,,,,,,,,,,,,,,,,,,,,,,,,,,,,,
"Venezuela, RB","VEN",,,,,,,,,,,,,,,,,,,,,,,,,,,,,,,,,,,,,,,,,,,,,,"11.3858728757953","12.3901806496022","13.3217731401591","14.2245084877554","15.3659087997493","16.361710103541","18.5100002288818","18.9831074349456",,,"21.5400009155273","25.1499996185303","22.2573749832562",,,,,,,,
"British Virgin Islands","VGB",,,,,,,,,,,,,,,,,,,,,,,,,,,,,,,,,,,,,,,,,,,,,,,,,,,,,,,,,,,,,,,,,,
"Virgin Islands (U.S.)","VIR",,,,,,,,,,,,,,,,,,,,,,,,,,,,,,,,,,,,,,,,,,,,,,,,,,,,,,,,,,,,,,,,,,
"Viet Nam","VNM",,,,,,,,,,,,,,,,,,,,,,,,,,,,,,,,,,,,,,,,,,,,,,,,,,,,,,,,,,,,"10.25","10.3575068448987","10.2704172552929","11.5200004577637","11.3209825236686",,
"Vanuatu","VUT",,,,,,,,,,,,,,,,,,,,,,,,,,,,,,,,,,,,,,,,,,,,,,,,,,,,,,,,,,,,"2.08565009286613","2.58050274895905",,,"3.33517003059387",,
"World","WLD",,,,,,,,,,,,,,,,,,,,,,,,,,,,,,,,,,,,,,,,,,,,,,,,,,,,,,,,,,,,,,,,,,
"Samoa","WSM",,,,,,,,,,,,,,,,,,,,,,,,,,,,,,,,,,,,,,,,,,"3.94000005722046",,,,,,,,,,,,,,,,,,"11.0046997070312",,,"16.4844257806228",,,
"Kosovo","XKX",,,,,,,,,,,,,,,,,,,,,,,,,,,,,,,,,,,,,,,,,,,,,,,,,,,,,,,,,,,,,,,,,,
"Yemen, Rep.","YEM",,,,,,,,,,,,,,,,,,,,,,,,,,,,,,,,,,,,,,,,,,,,,,,,,,,,,,,"4.98841274948543",,,,,,,,,,,
"South Africa","ZAF",,,,,,,,,,,,,,,,,,,,,,,,,,,,,,,,,,,,,,,,,,,,,,,,,"4.60493263066422","4.63683378946169","4.839277043275","5.1800790798023",,"5.95415100115648","6.03801853099129","6.07000017166138","6.29960964269221","8.25","6.81581147649645","7.21183123360031","6.6431097984314","12.960000038147","6.08822011947632","7.01721000671387","14.3500003814697",
"Zambia","ZMB",,,,,,,,,,,,,,,,,,,,,,,,,,,,,,,,,,,,,,,,,,,,,,,,,,,,,,,,"5.42241224541139",,"1.58607046700966","1.8147200345993",,,,,"2.80119454477244",,
"Zimbabwe","ZWE",,,,,,,,,,,,,,,,,,,,,,,,,,,,,,,,,,,,,,,,,,,,,,,,,,,,,,,,"6.95983982086182",,"3.25",,"5.70975017547607",,"0.959926236321576","0.913877996562985","1.13487348253901",,
